,Date,Open,High,Low,Close,Adj Close,Volume
0,2017-01-02,3042.0,3068.949951171875,2992.550048828125,3030.550048828125,2491.955078125,213654
1,2017-01-03,2978.0,3016.14990234375,2962.550048828125,2986.550048828125,2455.775146484375,454277
2,2017-01-04,2999.0,3017.300048828125,2971.0,3004.89990234375,2470.863525390625,396816
3,2017-01-05,3034.89990234375,3083.800048828125,3012.949951171875,3071.75,2525.832763671875,383925
4,2017-01-06,3085.0,3119.0,3052.0,3067.550048828125,2522.37890625,266915
5,2017-01-09,3068.0,3107.89990234375,3023.050048828125,3031.449951171875,2492.695068359375,211629
6,2017-01-10,3055.0,3072.800048828125,3019.449951171875,3059.0,2515.348876953125,178876
7,2017-01-11,3071.949951171875,3092.0,3036.0,3084.25,2536.111328125,379710
8,2017-01-12,3100.0,3112.14990234375,3070.0,3083.199951171875,2535.248046875,322348
9,2017-01-13,3096.39990234375,3099.0,3021.35009765625,3046.550048828125,2505.11181640625,168219
10,2017-01-16,3047.0,3097.89990234375,3026.60009765625,3091.75,2542.278564453125,297394
11,2017-01-17,3091.0,3154.64990234375,3071.75,3132.64990234375,2575.909912109375,224536
12,2017-01-18,3151.0,3158.550048828125,3076.10009765625,3086.050048828125,2537.591552734375,260704
13,2017-01-19,3094.800048828125,3110.949951171875,3066.0,3102.35009765625,2550.99462890625,277092
14,2017-01-20,3099.949951171875,3120.39990234375,3044.25,3050.60009765625,2508.441650390625,330431
15,2017-01-23,3050.5,3107.0,3050.5,3096.800048828125,2546.43115234375,621509
16,2017-01-24,3123.5,3142.0,3085.0,3134.300048828125,2577.2666015625,706800
17,2017-01-25,3144.89990234375,3275.949951171875,3121.0,3247.449951171875,2670.30712890625,1050202
18,2017-01-27,3246.0,3267.949951171875,3201.0,3215.85009765625,2644.3232421875,532124
19,2017-01-30,3215.0,3215.949951171875,3156.75,3194.699951171875,2626.93212890625,488948
20,2017-01-31,3190.0,3218.85009765625,3150.5,3172.35009765625,2608.554443359375,273410
21,2017-02-01,3175.0,3304.550048828125,3169.5,3286.949951171875,2702.787353515625,628791
22,2017-02-02,3265.0,3285.0,3225.0,3228.75,2654.9306640625,354323
23,2017-02-03,3228.0,3234.89990234375,3201.0,3214.0,2642.8017578125,343388
24,2017-02-06,3254.699951171875,3282.800048828125,3232.0,3270.449951171875,2689.219970703125,362269
25,2017-02-07,3278.75,3278.75,3227.10009765625,3259.800048828125,2680.46240234375,217985
26,2017-02-08,3240.10009765625,3279.0,3210.0,3222.550048828125,2649.83251953125,541782
27,2017-02-09,3285.0,3319.199951171875,3225.75,3265.10009765625,2684.82080078125,585465
28,2017-02-10,3275.10009765625,3284.800048828125,3241.0,3268.60009765625,2687.69873046875,233552
29,2017-02-13,3266.0,3279.800048828125,3215.10009765625,3226.550048828125,2653.121337890625,385934
30,2017-02-14,3230.0,3235.050048828125,3145.14990234375,3162.949951171875,2600.82470703125,420128
31,2017-02-15,3162.949951171875,3167.949951171875,3090.550048828125,3097.85009765625,2547.294677734375,513046
32,2017-02-16,3110.0,3157.39990234375,3049.199951171875,3124.449951171875,2569.16650390625,403866
33,2017-02-17,3115.0,3130.0,3072.300048828125,3087.199951171875,2538.537109375,517754
34,2017-02-20,3098.800048828125,3123.35009765625,3080.0,3102.10009765625,2550.7890625,197887
35,2017-02-21,3119.0,3137.0,3090.0,3125.800048828125,2570.27734375,414204
36,2017-02-22,3118.10009765625,3176.0,3110.0,3166.199951171875,2603.496826171875,433415
37,2017-02-23,3167.0,3199.800048828125,3148.199951171875,3176.75,2612.172119140625,629689
38,2017-02-27,3175.60009765625,3211.89990234375,3157.050048828125,3175.89990234375,2611.473388671875,392987
39,2017-02-28,3179.0,3180.800048828125,3131.050048828125,3138.10009765625,2580.391357421875,221558
40,2017-03-01,3156.89990234375,3198.0,3150.0,3178.14990234375,2613.3232421875,452809
41,2017-03-02,3201.0,3262.949951171875,3190.0,3229.300048828125,2655.383056640625,581211
42,2017-03-03,3220.0,3286.0,3201.0,3272.85009765625,2691.193115234375,226645
43,2017-03-06,3273.0,3332.0,3273.0,3319.800048828125,2729.79931640625,391280
44,2017-03-07,3319.89990234375,3319.89990234375,3280.0,3305.449951171875,2717.999267578125,225124
45,2017-03-08,3305.5,3326.949951171875,3255.25,3272.699951171875,2691.069580078125,304333
46,2017-03-09,3297.800048828125,3298.699951171875,3261.199951171875,3289.0,2704.472900390625,295827
47,2017-03-10,3294.89990234375,3329.0,3288.60009765625,3311.050048828125,2722.60400390625,227655
48,2017-03-14,3368.75,3383.949951171875,3345.60009765625,3357.449951171875,2760.758056640625,1078387
49,2017-03-15,3335.0,3412.0,3335.0,3401.10009765625,2796.650390625,813831
50,2017-03-16,3377.0,3390.0,3341.050048828125,3348.0,2798.238037109375,745130
51,2017-03-17,3365.0,3374.0,3343.10009765625,3346.10009765625,2796.650634765625,299456
52,2017-03-20,3346.10009765625,3370.0,3326.64990234375,3340.25,2791.76123046875,121894
53,2017-03-21,3333.0,3359.949951171875,3327.5,3334.699951171875,2787.121826171875,149569
54,2017-03-22,3292.0,3342.5,3292.0,3314.60009765625,2770.3232421875,406454
55,2017-03-23,3334.800048828125,3379.0,3320.050048828125,3367.39990234375,2814.452392578125,213622
56,2017-03-24,3374.949951171875,3380.0,3339.699951171875,3375.25,2821.013671875,230244
57,2017-03-27,3379.0,3395.949951171875,3300.0,3343.199951171875,2794.226806640625,296970
58,2017-03-28,3341.0,3359.949951171875,3312.0,3326.89990234375,2780.602783203125,338652
59,2017-03-29,3330.35009765625,3337.85009765625,3180.0,3224.39990234375,2694.934326171875,1247758
60,2017-03-30,3202.0,3270.0,3202.0,3231.64990234375,2700.993408203125,627310
61,2017-03-31,3200.0,3228.0,3200.0,3221.949951171875,2692.886474609375,582578
62,2017-04-03,3222.800048828125,3265.050048828125,3191.800048828125,3202.14990234375,2676.337646484375,370011
63,2017-04-05,3228.949951171875,3233.0,3190.60009765625,3198.050048828125,2672.910888671875,427222
64,2017-04-06,3189.0,3219.64990234375,3175.0,3206.300048828125,2679.80615234375,441769
65,2017-04-07,3196.300048828125,3233.89990234375,3196.300048828125,3215.300048828125,2687.32861328125,332878
66,2017-04-10,3236.0,3236.0,3185.0,3199.39990234375,2674.039306640625,291127
67,2017-04-11,3192.0,3224.0,3187.050048828125,3202.199951171875,2676.379150390625,169115
68,2017-04-12,3210.0,3232.75,3200.39990234375,3227.050048828125,2697.149169921875,289874
69,2017-04-13,3228.0,3245.449951171875,3211.0,3224.5,2695.01806640625,229218
70,2017-04-17,3203.0,3245.0,3203.0,3240.14990234375,2708.09765625,206525
71,2017-04-18,3249.0,3259.050048828125,3216.25,3226.25,2696.47998046875,427228
72,2017-04-19,3238.0,3238.0,3179.0,3199.75,2674.331787109375,235606
73,2017-04-20,3191.0,3218.0,3180.0,3198.39990234375,2673.203125,158153
74,2017-04-21,3218.0,3218.0,3192.0,3203.199951171875,2677.21484375,132297
75,2017-04-24,3217.0,3218.0,3186.5,3204.39990234375,2678.2177734375,109307
76,2017-04-25,3233.0,3312.949951171875,3202.10009765625,3305.199951171875,2762.466064453125,601198
77,2017-04-26,3320.0,3328.0,3271.0,3313.050048828125,2769.027587890625,294063
78,2017-04-27,3319.5,3364.0,3271.050048828125,3300.800048828125,2758.7890625,823678
79,2017-04-28,3318.0,3340.0,3288.0,3318.60009765625,2773.666015625,259906
80,2017-05-02,3317.60009765625,3388.699951171875,3305.10009765625,3352.949951171875,2802.37548828125,248508
81,2017-05-03,3368.0,3384.35009765625,3350.0,3376.5,2822.05859375,228007
82,2017-05-04,3375.0,3403.89990234375,3357.10009765625,3395.64990234375,2838.06396484375,200910
83,2017-05-05,3389.25,3412.85009765625,3350.14990234375,3376.550048828125,2822.10009765625,190683
84,2017-05-08,3376.550048828125,3412.0,3367.949951171875,3401.25,2842.744384765625,99666
85,2017-05-09,3419.949951171875,3442.0,3276.35009765625,3282.35009765625,2743.368408203125,501840
86,2017-05-10,3272.199951171875,3334.89990234375,3265.0,3323.85009765625,2778.0537109375,424465
87,2017-05-11,3375.0,3483.949951171875,3295.14990234375,3461.800048828125,2893.3515625,987725
88,2017-05-12,3479.0,3553.800048828125,3463.89990234375,3541.5,2959.96435546875,607136
89,2017-05-15,3541.0,3558.0,3504.60009765625,3515.449951171875,2938.19189453125,215587
90,2017-05-16,3529.5,3631.800048828125,3491.10009765625,3619.39990234375,3025.072998046875,372398
91,2017-05-17,3615.0,3683.949951171875,3595.050048828125,3645.949951171875,3047.26318359375,338342
92,2017-05-18,3600.0,3639.0,3577.050048828125,3592.050048828125,3002.2138671875,294013
93,2017-05-19,3597.0,3656.0,3533.75,3571.64990234375,2985.163330078125,270446
94,2017-05-22,3596.75,3645.0,3550.949951171875,3562.449951171875,2977.474609375,255829
95,2017-05-23,3593.89990234375,3619.0,3550.0,3585.0,2996.3212890625,199447
96,2017-05-24,3585.0,3612.300048828125,3527.199951171875,3567.60009765625,2981.7783203125,256025
97,2017-05-25,3567.60009765625,3645.25,3527.14990234375,3625.85009765625,3030.4638671875,253648
98,2017-05-26,3626.10009765625,3660.10009765625,3605.60009765625,3618.39990234375,3024.237060546875,193039
99,2017-05-29,3621.89990234375,3678.449951171875,3590.550048828125,3665.800048828125,3063.853759765625,211133
100,2017-05-30,3660.0,3748.0,3660.0,3740.35009765625,3126.162109375,347224
101,2017-05-31,3735.0,3762.0,3721.199951171875,3745.449951171875,3130.424560546875,424001
102,2017-06-01,3742.0,3815.0,3708.800048828125,3733.35009765625,3120.311279296875,451621
103,2017-06-02,3758.800048828125,3857.5,3750.0,3849.75,3217.597900390625,570351
104,2017-06-05,3850.0,3880.550048828125,3821.25,3834.949951171875,3205.228271484375,181146
105,2017-06-06,3844.0,3844.0,3785.050048828125,3799.949951171875,3175.974853515625,119591
106,2017-06-07,3803.85009765625,3856.050048828125,3803.85009765625,3843.25,3212.16552734375,426059
107,2017-06-08,3847.0,3859.0,3778.25,3784.449951171875,3163.020751953125,256253
108,2017-06-09,3796.300048828125,3800.5,3755.60009765625,3780.10009765625,3159.384521484375,302560
109,2017-06-12,3777.0,3790.0,3760.35009765625,3773.25,3153.65966796875,182605
110,2017-06-13,3780.0,3785.35009765625,3742.25,3752.5,3136.31689453125,212476
111,2017-06-14,3764.0,3808.0,3751.050048828125,3789.050048828125,3166.865234375,374661
112,2017-06-15,3786.0,3820.0,3760.0,3777.699951171875,3157.378662109375,163019
113,2017-06-16,3798.0,3798.0,3757.800048828125,3783.550048828125,3162.268798828125,229485
114,2017-06-19,3790.0,3834.0,3790.0,3825.449951171875,3197.2880859375,176591
115,2017-06-20,3829.0,3846.89990234375,3781.0,3797.0,3173.509521484375,235259
116,2017-06-21,3805.0,3809.800048828125,3756.0,3769.25,3150.31640625,253054
117,2017-06-22,3770.0,3788.300048828125,3717.550048828125,3730.699951171875,3118.0966796875,272211
118,2017-06-23,3725.0,3730.050048828125,3650.0,3660.10009765625,3059.089111328125,371113
119,2017-06-27,3676.0,3711.699951171875,3636.60009765625,3695.199951171875,3088.425537109375,365879
120,2017-06-28,3681.0,3723.60009765625,3667.050048828125,3688.449951171875,3082.784423828125,496312
121,2017-06-29,3700.0,3735.949951171875,3682.0,3716.35009765625,3106.102783203125,384888
122,2017-06-30,3690.0,3714.75,3665.0,3701.35009765625,3118.74169921875,205581
123,2017-07-03,3688.0,3785.25,3671.39990234375,3776.10009765625,3181.725830078125,249649
124,2017-07-04,3804.050048828125,3804.050048828125,3693.64990234375,3703.35009765625,3120.42724609375,474327
125,2017-07-05,3700.5,3717.699951171875,3696.800048828125,3709.75,3125.81982421875,142509
126,2017-07-06,3716.050048828125,3745.0,3708.0,3725.35009765625,3138.964111328125,161483
127,2017-07-07,3720.0,3722.699951171875,3673.0,3681.64990234375,3102.142578125,182590
128,2017-07-10,3700.0,3740.0,3693.14990234375,3731.0,3143.724853515625,39171
129,2017-07-11,3735.0,3757.300048828125,3735.0,3748.300048828125,3158.302001953125,227102
130,2017-07-12,3758.949951171875,3776.949951171875,3707.64990234375,3718.75,3133.4033203125,232681
131,2017-07-13,3732.199951171875,3768.0,3731.10009765625,3750.949951171875,3160.534423828125,384727
132,2017-07-14,3765.0,3796.0,3738.0,3758.050048828125,3166.51708984375,187230
133,2017-07-17,3758.050048828125,3785.0,3738.050048828125,3764.35009765625,3171.82568359375,131553
134,2017-07-18,3755.0,3799.0,3755.0,3783.949951171875,3188.340087890625,224796
135,2017-07-19,3787.0,3795.0,3757.699951171875,3770.64990234375,3177.1337890625,464119
136,2017-07-20,3772.050048828125,3787.949951171875,3716.5,3729.89990234375,3142.797607421875,374090
137,2017-07-21,3729.050048828125,3741.0,3675.0,3682.0,3102.43701171875,427736
138,2017-07-24,3692.0,3725.300048828125,3682.050048828125,3692.300048828125,3111.116455078125,236050
139,2017-07-25,3725.0,3750.0,3700.0,3709.050048828125,3125.22998046875,433381
140,2017-07-26,3715.0,3745.449951171875,3687.0,3717.449951171875,3132.307861328125,366612
141,2017-07-27,3727.699951171875,3759.0,3682.0,3703.550048828125,3120.595458984375,452512
142,2017-07-28,3691.550048828125,3691.550048828125,3610.0,3630.300048828125,3058.87548828125,276500
143,2017-07-31,3629.89990234375,3672.89990234375,3605.0,3655.75,3080.319580078125,504658
144,2017-08-01,3675.0,3737.64990234375,3668.050048828125,3727.85009765625,3141.07080078125,685598
145,2017-08-02,3750.0,3838.800048828125,3743.39990234375,3802.60009765625,3204.0546875,828588
146,2017-08-03,3812.0,3845.0,3772.0,3838.35009765625,3234.177734375,424548
147,2017-08-04,3836.0,3964.0,3816.39990234375,3956.550048828125,3333.7724609375,789172
148,2017-08-07,3950.0,4018.89990234375,3927.85009765625,3952.699951171875,3330.528076171875,644961
149,2017-08-08,3957.0,4003.5,3896.050048828125,3913.39990234375,3297.41455078125,253242
150,2017-08-09,3915.0,3945.0,3859.550048828125,3883.75,3272.431396484375,343296
151,2017-08-10,3875.0,3945.0,3861.050048828125,3889.550048828125,3277.318115234375,303409
152,2017-08-11,3878.300048828125,3878.300048828125,3796.699951171875,3840.89990234375,3236.325439453125,302935
153,2017-08-14,3850.0,3975.0,3849.5,3957.050048828125,3334.19384765625,263329
154,2017-08-16,3965.10009765625,4044.0,3933.300048828125,4022.10009765625,3389.00390625,475186
155,2017-08-17,4025.0,4038.300048828125,3975.60009765625,3997.85009765625,3368.571533203125,351635
156,2017-08-18,3983.0,4000.75,3968.5,3986.699951171875,3359.177001953125,209351
157,2017-08-21,3988.0,4038.300048828125,3950.050048828125,3972.050048828125,3346.83251953125,246195
158,2017-08-22,3997.0,3998.10009765625,3881.14990234375,3888.050048828125,3276.05419921875,290303
159,2017-08-23,3927.0,3950.0,3865.60009765625,3888.89990234375,3276.7705078125,407757
160,2017-08-24,3908.0,3925.0,3870.0,3882.64990234375,3271.50439453125,222636
161,2017-08-28,3885.0,3993.949951171875,3838.449951171875,3959.199951171875,3336.00537109375,435266
162,2017-08-29,3940.0,3980.0,3921.699951171875,3945.699951171875,3324.630126953125,397802
163,2017-08-30,3950.0,4015.0,3949.85009765625,3988.10009765625,3360.3564453125,261951
164,2017-08-31,3989.0,4021.0,3968.0,3995.10009765625,3366.2548828125,469468
165,2017-09-01,4006.0,4091.949951171875,3995.0,4048.949951171875,3411.6279296875,388220
166,2017-09-04,4084.0,4084.0,3961.449951171875,3978.89990234375,3352.604248046875,226397
167,2017-09-05,3994.0,4007.5,3960.0,3970.449951171875,3345.484130859375,250627
168,2017-09-06,3953.0,3994.89990234375,3940.0,3950.64990234375,3328.80126953125,218970
169,2017-09-07,3953.0,4012.5,3953.0,3982.89990234375,3355.974853515625,256960
170,2017-09-08,3997.39990234375,4002.0,3946.75,3956.050048828125,3333.35107421875,145201
171,2017-09-11,3999.0,3999.949951171875,3936.60009765625,3944.5,3323.618408203125,217005
172,2017-09-12,3958.39990234375,3970.35009765625,3909.949951171875,3918.89990234375,3302.048095703125,219890
173,2017-09-13,3913.800048828125,3970.0,3878.0,3893.550048828125,3280.688720703125,262986
174,2017-09-14,3905.0,3922.0,3884.449951171875,3891.25,3278.750732421875,190185
175,2017-09-15,3885.0,3910.0,3870.0,3888.0,3276.01220703125,389738
176,2017-09-18,3895.0,3961.39990234375,3895.0,3949.89990234375,3328.168701171875,573380
177,2017-09-19,3970.0,3977.85009765625,3936.800048828125,3944.25,3323.408203125,154125
178,2017-09-20,3939.85009765625,3958.300048828125,3845.0,3856.050048828125,3249.091064453125,515833
179,2017-09-21,3856.10009765625,3901.550048828125,3811.699951171875,3896.39990234375,3283.090087890625,490206
180,2017-09-22,3879.949951171875,3879.949951171875,3780.050048828125,3791.14990234375,3194.40673828125,719999
181,2017-09-25,3825.699951171875,3825.699951171875,3721.0,3755.949951171875,3164.747314453125,275648
182,2017-09-26,3801.0,3805.35009765625,3742.14990234375,3787.75,3191.5419921875,548321
183,2017-09-27,3820.0,3824.89990234375,3708.60009765625,3727.39990234375,3140.691650390625,266924
184,2017-09-28,3749.0,3779.0,3674.5,3740.050048828125,3151.350341796875,789127
185,2017-09-29,3734.0,3819.35009765625,3718.25,3774.550048828125,3180.419921875,547536
186,2017-10-03,3840.0,3845.0,3793.800048828125,3806.25,3207.1298828125,294342
187,2017-10-04,3870.0,3870.0,3774.60009765625,3794.89990234375,3197.567138671875,388211
188,2017-10-05,3796.0,3797.0,3750.0,3755.449951171875,3164.325927734375,260215
189,2017-10-06,3755.5,3777.0,3688.10009765625,3703.949951171875,3120.9326171875,373696
190,2017-10-09,3703.050048828125,3715.0,3670.0,3676.39990234375,3097.71923828125,423770
191,2017-10-10,3690.0,3720.800048828125,3661.199951171875,3695.25,3113.601806640625,367529
192,2017-10-11,3701.10009765625,3744.800048828125,3677.60009765625,3689.550048828125,3108.799560546875,298989
193,2017-10-12,3697.0,3760.64990234375,3694.949951171875,3751.0,3160.57666015625,343176
194,2017-10-13,3757.0,3790.0,3743.199951171875,3763.85009765625,3171.404296875,213882
195,2017-10-16,3797.699951171875,3805.64990234375,3766.800048828125,3776.64990234375,3182.189208984375,261710
196,2017-10-17,3785.0,3828.5,3758.800048828125,3789.050048828125,3192.6376953125,447594
197,2017-10-18,3813.89990234375,3813.89990234375,3725.0,3753.0,3162.26220703125,236096
198,2017-10-19,3750.0,3759.39990234375,3720.0,3735.60009765625,3147.601318359375,24217
199,2017-10-23,3792.949951171875,3814.0,3770.0,3791.25,3194.490966796875,510178
200,2017-10-24,3792.0,3807.199951171875,3742.199951171875,3755.39990234375,3164.283935546875,138844
201,2017-10-25,3784.89990234375,3784.89990234375,3717.0,3769.64990234375,3176.290771484375,464158
202,2017-10-26,3765.699951171875,3787.89990234375,3730.25,3750.85009765625,3160.450439453125,357840
203,2017-10-27,3764.0,3815.0,3750.60009765625,3786.64990234375,3190.61474609375,328558
204,2017-10-30,3813.949951171875,3841.5,3801.64990234375,3833.0,3229.66943359375,244919
205,2017-10-31,3857.0,3870.050048828125,3821.699951171875,3849.89990234375,3243.90966796875,307237
206,2017-11-01,3875.0,3882.89990234375,3803.800048828125,3819.35009765625,3218.168701171875,338059
207,2017-11-02,3763.300048828125,3804.699951171875,3713.0,3735.85009765625,3147.811279296875,518139
208,2017-11-03,3739.89990234375,3742.949951171875,3675.300048828125,3689.050048828125,3108.3779296875,364403
209,2017-11-06,3675.5,3715.0,3661.85009765625,3688.85009765625,3108.209228515625,290004
210,2017-11-07,3695.25,3729.10009765625,3675.0,3681.5,3102.01611328125,303030
211,2017-11-08,3698.0,3718.64990234375,3610.5,3622.550048828125,3052.34521484375,367993
212,2017-11-09,3628.0,3659.89990234375,3590.0,3597.75,3031.44873046875,241249
213,2017-11-10,3605.0,3635.0,3560.75,3605.10009765625,3037.641845703125,307029
214,2017-11-13,3639.0,3639.0,3569.0,3579.89990234375,3016.408203125,230714
215,2017-11-14,3579.89990234375,3662.39990234375,3579.89990234375,3655.199951171875,3079.855712890625,430968
216,2017-11-15,3650.5,3709.39990234375,3640.0,3671.800048828125,3093.843505859375,413595
217,2017-11-16,3672.0,3688.949951171875,3625.25,3657.0,3081.372802734375,252451
218,2017-11-17,3693.60009765625,3697.0,3622.5,3631.14990234375,3059.59130859375,338039
219,2017-11-20,3632.39990234375,3689.0,3618.0,3658.60009765625,3082.720947265625,350045
220,2017-11-21,3665.10009765625,3690.5,3664.89990234375,3678.75,3099.69921875,202939
221,2017-11-22,3685.10009765625,3710.0,3645.199951171875,3661.300048828125,3084.99609375,293485
222,2017-11-23,3685.0,3698.35009765625,3645.5,3677.35009765625,3098.519775390625,219012
223,2017-11-24,3689.39990234375,3690.14990234375,3650.0,3653.25,3078.21337890625,388730
224,2017-11-27,3651.14990234375,3670.0,3631.050048828125,3663.0,3086.427734375,172252
225,2017-11-28,3680.0,3680.0,3655.10009765625,3673.60009765625,3095.359619140625,155386
226,2017-11-29,3683.0,3695.0,3649.0,3656.300048828125,3080.782958984375,172201
227,2017-11-30,3649.0,3678.0,3621.0,3633.64990234375,3061.6982421875,456685
228,2017-12-01,3642.0,3680.0,3547.5,3604.050048828125,3036.757568359375,222230
229,2017-12-04,3635.0,3635.0,3593.800048828125,3601.39990234375,3034.52490234375,131129
230,2017-12-05,3597.0,3597.0,3513.050048828125,3520.550048828125,2966.400634765625,242868
231,2017-12-06,3516.0,3518.10009765625,3473.35009765625,3505.60009765625,2953.80419921875,291780
232,2017-12-07,3520.0,3568.0,3517.949951171875,3551.10009765625,2992.14208984375,301458
233,2017-12-08,3530.0,3567.0,3506.050048828125,3519.550048828125,2965.55810546875,177525
234,2017-12-11,3544.0,3544.0,3500.300048828125,3514.85009765625,2961.597900390625,226419
235,2017-12-12,3517.0,3524.0,3432.75,3441.699951171875,2899.9619140625,427882
236,2017-12-13,3435.0,3490.300048828125,3410.0,3419.449951171875,2881.2138671875,348709
237,2017-12-14,3452.0,3471.39990234375,3416.199951171875,3460.550048828125,2915.844970703125,314655
238,2017-12-15,3470.0,3511.949951171875,3465.10009765625,3503.0,2951.61279296875,372029
239,2017-12-18,3487.0,3553.64990234375,3430.64990234375,3535.35009765625,2978.871337890625,412556
240,2017-12-19,3560.0,3710.64990234375,3540.0,3701.0,3118.446533203125,876214
241,2017-12-20,3733.39990234375,3793.89990234375,3696.050048828125,3749.199951171875,3159.060546875,664592
242,2017-12-21,3784.5,3822.25,3771.35009765625,3805.949951171875,3206.87744140625,612505
243,2017-12-22,3814.0,3829.0,3774.0,3792.800048828125,3195.796875,438144
244,2017-12-26,3792.800048828125,3848.800048828125,3747.199951171875,3813.800048828125,3213.491943359375,320480
245,2017-12-27,3813.0,3834.39990234375,3757.050048828125,3786.64990234375,3190.61474609375,189623
246,2017-12-28,3762.10009765625,3783.5,3702.300048828125,3716.64990234375,3131.633544921875,605738
247,2017-12-29,3730.0,3809.85009765625,3720.050048828125,3785.14990234375,3189.35107421875,274559
248,2018-01-01,3810.0,3810.0,3740.0,3749.10009765625,3158.976318359375,201102
249,2018-01-02,3781.0,3784.35009765625,3719.25,3743.85009765625,3154.552001953125,258156
250,2018-01-03,3728.0,3764.39990234375,3728.0,3755.199951171875,3164.11572265625,274963
251,2018-01-04,3755.0,3759.949951171875,3721.550048828125,3738.89990234375,3150.381103515625,196775
252,2018-01-05,3758.699951171875,3758.699951171875,3726.199951171875,3744.64990234375,3155.225830078125,234199
253,2018-01-08,3773.0,3792.0,3745.300048828125,3786.75,3190.699462890625,249549
254,2018-01-09,3800.0,3804.800048828125,3742.64990234375,3749.449951171875,3159.2705078125,290158
255,2018-01-10,3740.0,3752.550048828125,3725.0,3736.89990234375,3148.696044921875,250123
256,2018-01-11,3740.699951171875,3743.199951171875,3700.199951171875,3705.64990234375,3122.364990234375,366134
257,2018-01-12,3726.89990234375,3726.89990234375,3650.60009765625,3687.35009765625,3106.945556640625,363795
258,2018-01-15,3687.699951171875,3700.0,3613.64990234375,3628.800048828125,3057.611328125,229198
259,2018-01-16,3637.699951171875,3664.0,3578.14990234375,3586.10009765625,3021.632568359375,271813
260,2018-01-17,3586.0,3590.14990234375,3526.300048828125,3566.85009765625,3005.412841796875,501484
261,2018-01-18,3586.0,3643.0,3576.050048828125,3593.35009765625,3027.741455078125,345926
262,2018-01-19,3558.0,3620.0,3552.300048828125,3589.75,3024.7080078125,295410
263,2018-01-22,3592.75,3621.89990234375,3589.10009765625,3602.949951171875,3035.83056640625,320126
264,2018-01-23,3634.0,3635.0,3608.25,3630.0,3058.62255859375,285236
265,2018-01-24,3629.699951171875,3650.0,3600.0,3645.5,3071.68310546875,312383
266,2018-01-25,3659.89990234375,3659.89990234375,3561.0,3571.199951171875,3009.077880859375,487836
267,2018-01-29,3584.699951171875,3658.25,3574.550048828125,3641.75,3068.523193359375,403110
268,2018-01-30,3657.39990234375,3696.0,3649.89990234375,3687.85009765625,3107.366943359375,540432
269,2018-01-31,3703.0,3747.89990234375,3682.0,3691.449951171875,3110.400146484375,558327
270,2018-02-01,3695.14990234375,3744.0,3692.5,3732.949951171875,3145.36767578125,346581
271,2018-02-02,3729.699951171875,3752.449951171875,3612.699951171875,3623.449951171875,3053.103515625,469510
272,2018-02-05,3598.0,3662.60009765625,3550.050048828125,3636.39990234375,3064.01513671875,319150
273,2018-02-06,3527.300048828125,3564.800048828125,3450.0,3541.85009765625,2984.34814453125,442426
274,2018-02-07,3618.89990234375,3620.0,3542.5,3566.39990234375,3005.03369140625,336709
275,2018-02-08,3570.0,3615.949951171875,3555.0,3582.199951171875,3018.346923828125,325607
276,2018-02-09,3536.800048828125,3576.35009765625,3530.10009765625,3546.10009765625,2987.928955078125,604849
277,2018-02-12,3566.0,3616.699951171875,3545.5,3611.89990234375,3043.371337890625,385092
278,2018-02-14,3620.39990234375,3624.0,3562.64990234375,3596.050048828125,3030.01611328125,315246
279,2018-02-15,3565.0,3575.0,3520.0,3527.25,3018.2080078125,221710
280,2018-02-16,3549.0,3549.800048828125,3485.0,3494.199951171875,2989.927490234375,219454
281,2018-02-19,3502.0,3519.35009765625,3442.0,3465.699951171875,2965.541015625,246616
282,2018-02-20,3466.0,3518.0,3443.25,3477.449951171875,2975.594970703125,340087
283,2018-02-21,3517.800048828125,3517.800048828125,3460.0,3490.75,2986.975341796875,266352
284,2018-02-22,3484.0,3499.300048828125,3458.699951171875,3481.199951171875,2978.803955078125,434663
285,2018-02-23,3483.39990234375,3508.0,3455.0,3494.699951171875,2990.355224609375,142023
286,2018-02-26,3519.0,3549.949951171875,3500.39990234375,3537.85009765625,3027.2783203125,361326
287,2018-02-27,3573.10009765625,3593.949951171875,3545.0,3585.5,3068.051513671875,320893
288,2018-02-28,3525.0,3613.0,3525.0,3596.699951171875,3077.63525390625,362559
289,2018-03-01,3575.0,3596.949951171875,3565.14990234375,3576.89990234375,3060.6923828125,200696
290,2018-03-05,3578.0,3581.89990234375,3535.0,3556.449951171875,3043.193359375,242671
291,2018-03-06,3571.10009765625,3595.0,3544.699951171875,3561.89990234375,3047.857177734375,380991
292,2018-03-07,3550.0,3560.0,3515.0,3554.39990234375,3041.440185546875,234750
293,2018-03-08,3561.0,3601.0,3545.64990234375,3586.699951171875,3069.078125,145720
294,2018-03-09,3605.89990234375,3661.449951171875,3581.0,3586.35009765625,3068.778564453125,272293
295,2018-03-12,3600.39990234375,3718.0,3599.85009765625,3694.5,3161.3212890625,192336
296,2018-03-13,3694.949951171875,3729.75,3672.0,3701.199951171875,3167.05419921875,233650
297,2018-03-14,3680.0,3687.199951171875,3622.0,3639.35009765625,3114.130126953125,192489
298,2018-03-15,3641.89990234375,3690.0,3632.0,3640.800048828125,3115.37109375,198082
299,2018-03-16,3665.0,3665.0,3530.64990234375,3546.10009765625,3034.338134765625,462796
300,2018-03-19,3546.0,3549.0,3490.800048828125,3515.300048828125,3007.982666015625,252482
301,2018-03-20,3498.10009765625,3537.0,3498.10009765625,3513.800048828125,3006.699462890625,212901
302,2018-03-21,3529.949951171875,3529.949951171875,3455.550048828125,3463.60009765625,2963.74365234375,667122
303,2018-03-22,3473.199951171875,3484.85009765625,3440.0,3452.300048828125,2954.074951171875,482411
304,2018-03-23,3435.10009765625,3435.10009765625,3361.050048828125,3413.75,2921.087890625,423299
305,2018-03-26,3414.0,3501.699951171875,3365.5,3481.699951171875,2979.2314453125,359650
306,2018-03-27,3485.10009765625,3488.0,3436.0,3464.699951171875,2964.684814453125,325438
307,2018-03-28,3455.0,3579.0,3428.050048828125,3542.800048828125,3031.513916015625,786796
308,2018-04-02,3544.0,3654.64990234375,3512.199951171875,3646.0,3119.81982421875,244943
309,2018-04-03,3644.949951171875,3669.0,3621.0,3644.949951171875,3118.922119140625,318581
310,2018-04-04,3653.5,3695.0,3627.0,3667.14990234375,3137.918212890625,526063
311,2018-04-05,3700.0,3796.0,3699.949951171875,3782.14990234375,3236.321533203125,440824
312,2018-04-06,3781.0,3787.949951171875,3750.0,3779.449951171875,3234.01123046875,213101
313,2018-04-09,3784.0,3807.10009765625,3775.199951171875,3798.699951171875,3250.48291015625,265991
314,2018-04-10,3815.0,3815.0,3714.0,3718.300048828125,3181.686279296875,321682
315,2018-04-11,3732.0,3755.0,3681.0,3739.35009765625,3199.698486328125,291118
316,2018-04-12,3744.0,3786.5,3726.050048828125,3749.449951171875,3208.3408203125,115113
317,2018-04-13,3759.800048828125,3770.0,3698.0,3725.89990234375,3188.189453125,164961
318,2018-04-16,3723.0,3810.0,3710.199951171875,3803.14990234375,3254.291259765625,164316
319,2018-04-17,3825.0,3825.0,3763.14990234375,3769.0,3225.0693359375,223874
320,2018-04-18,3765.050048828125,3784.0,3731.60009765625,3737.800048828125,3198.37255859375,204458
321,2018-04-19,3765.0,3770.0,3709.0,3723.60009765625,3186.221435546875,234124
322,2018-04-20,3725.0,3750.300048828125,3690.0,3742.699951171875,3202.56494140625,399283
323,2018-04-23,3736.39990234375,3736.39990234375,3691.35009765625,3718.199951171875,3181.6005859375,236404
324,2018-04-24,3740.0,3744.0,3706.300048828125,3716.89990234375,3180.488037109375,333702
325,2018-04-25,3736.0,3753.0,3700.89990234375,3717.199951171875,3180.745361328125,219848
326,2018-04-26,3707.0,3774.550048828125,3659.050048828125,3761.85009765625,3218.95166015625,341735
327,2018-04-27,3768.10009765625,3776.949951171875,3704.5,3713.5,3177.578857421875,571451
328,2018-04-30,3731.0,3750.0,3717.050048828125,3732.25,3193.62353515625,216291
329,2018-05-02,3751.0,3774.0,3640.0,3664.10009765625,3135.308349609375,715845
330,2018-05-03,3665.0,3682.949951171875,3637.39990234375,3655.60009765625,3128.03515625,393371
331,2018-05-04,3655.0,3669.85009765625,3643.39990234375,3659.75,3131.586181640625,279580
332,2018-05-07,3662.949951171875,3679.0,3622.75,3648.050048828125,3121.57470703125,198507
333,2018-05-08,3659.89990234375,3674.0,3640.14990234375,3657.300048828125,3129.489501953125,360338
334,2018-05-09,3660.0,3685.0,3635.0,3654.39990234375,3127.0078125,259686
335,2018-05-10,3663.0,3665.35009765625,3625.050048828125,3646.0,3119.81982421875,352223
336,2018-05-11,3655.0,3655.0,3591.0,3618.300048828125,3096.117919921875,246696
337,2018-05-14,3625.0,3655.050048828125,3624.199951171875,3648.300048828125,3121.788330078125,223997
338,2018-05-15,3650.0,3659.35009765625,3631.050048828125,3649.60009765625,3122.900634765625,341729
339,2018-05-16,3639.0,3639.0,3501.60009765625,3575.5,3059.494384765625,395161
340,2018-05-17,3600.0,3604.949951171875,3535.0,3554.550048828125,3041.568603515625,350935
341,2018-05-18,3550.0,3575.0,3535.35009765625,3561.050048828125,3047.1298828125,424207
342,2018-05-21,3578.60009765625,3578.60009765625,3461.75,3492.89990234375,2988.8154296875,258835
343,2018-05-22,3467.10009765625,3516.949951171875,3450.0,3499.89990234375,2994.804931640625,323714
344,2018-05-23,3494.5,3494.800048828125,3452.0,3482.949951171875,2980.30126953125,155958
345,2018-05-24,3495.0,3509.89990234375,3445.949951171875,3489.89990234375,2986.247802734375,324856
346,2018-05-25,3480.0,3575.0,3461.85009765625,3552.85009765625,3040.113037109375,177764
347,2018-05-28,3570.0,3610.0,3537.35009765625,3599.800048828125,3080.2880859375,191457
348,2018-05-29,3608.14990234375,3624.0,3565.199951171875,3610.39990234375,3089.358154296875,309517
349,2018-05-30,3594.89990234375,3622.449951171875,3528.39990234375,3601.449951171875,3081.69970703125,237040
350,2018-05-31,3610.0,3614.14990234375,3530.10009765625,3544.89990234375,3033.310546875,707484
351,2018-06-01,3563.5,3637.0,3554.199951171875,3626.300048828125,3102.9638671875,300310
352,2018-06-04,3669.85009765625,3669.85009765625,3592.85009765625,3613.60009765625,3092.096435546875,230153
353,2018-06-05,3600.10009765625,3619.0,3565.300048828125,3610.39990234375,3089.358154296875,225466
354,2018-06-06,3624.949951171875,3640.0,3598.0,3635.199951171875,3110.579345703125,211568
355,2018-06-07,3652.0,3667.449951171875,3628.300048828125,3651.5,3124.5263671875,222475
356,2018-06-08,3657.0,3660.0,3608.39990234375,3635.14990234375,3110.535888671875,175173
357,2018-06-11,3637.89990234375,3645.89990234375,3600.0,3612.300048828125,3090.984130859375,249101
358,2018-06-12,3624.800048828125,3712.199951171875,3601.300048828125,3687.85009765625,3155.630615234375,257348
359,2018-06-13,3704.699951171875,3708.89990234375,3679.0,3696.800048828125,3163.28955078125,209724
360,2018-06-14,3690.050048828125,3706.14990234375,3667.10009765625,3695.60009765625,3162.2626953125,155159
361,2018-06-15,3696.0,3710.35009765625,3652.0,3693.699951171875,3160.636474609375,306688
362,2018-06-18,3695.0,3702.5,3651.0,3666.14990234375,3137.062255859375,361312
363,2018-06-19,3658.0,3660.0,3620.0,3652.75,3125.5966796875,242770
364,2018-06-20,3655.0,3690.0,3641.10009765625,3655.800048828125,3128.206298828125,433541
365,2018-06-21,3648.0,3675.89990234375,3624.0,3635.199951171875,3110.579345703125,280729
366,2018-06-22,3634.0,3644.199951171875,3601.699951171875,3637.64990234375,3112.67529296875,193715
367,2018-06-25,3634.0,3649.949951171875,3575.550048828125,3586.85009765625,3069.206787109375,351955
368,2018-06-26,3570.0,3578.0,3536.0,3566.85009765625,3052.0927734375,252375
369,2018-06-27,3570.0,3584.550048828125,3530.0,3538.0,3027.406494140625,320678
370,2018-06-28,3538.0,3550.949951171875,3476.0,3516.050048828125,3008.6240234375,532529
371,2018-06-29,3520.5,3534.949951171875,3456.35009765625,3473.5,2972.21484375,398443
372,2018-07-02,3480.0,3527.64990234375,3402.300048828125,3415.39990234375,2922.499755859375,236235
373,2018-07-03,3455.0,3484.949951171875,3432.550048828125,3447.64990234375,2950.095458984375,289618
374,2018-07-04,3460.0,3479.050048828125,3415.449951171875,3458.800048828125,2959.63623046875,266759
375,2018-07-05,3480.89990234375,3517.89990234375,3458.85009765625,3505.75,2999.81103515625,273797
376,2018-07-06,3509.300048828125,3670.0,3486.0,3637.10009765625,3112.205078125,1032128
377,2018-07-09,3659.949951171875,3662.89990234375,3597.14990234375,3611.5,3090.29931640625,314206
378,2018-07-10,3644.800048828125,3644.800048828125,3574.800048828125,3583.5,3066.34033203125,470962
379,2018-07-11,3554.85009765625,3564.5,3524.0,3536.60009765625,3060.369384765625,377121
380,2018-07-12,3569.0,3570.0,3484.0,3498.85009765625,3062.3388671875,456469
381,2018-07-13,3520.0,3523.699951171875,3444.0,3455.89990234375,3024.746826171875,310931
382,2018-07-16,3465.0,3466.0,3416.35009765625,3426.0,2998.5771484375,183060
383,2018-07-17,3415.0,3514.60009765625,3398.550048828125,3488.60009765625,3053.367431640625,318577
384,2018-07-18,3500.0,3515.0,3473.199951171875,3506.14990234375,3068.727783203125,211820
385,2018-07-19,3506.050048828125,3508.0,3440.0,3451.10009765625,3020.546142578125,147907
386,2018-07-20,3452.0,3489.0,3322.0,3376.949951171875,2955.646240234375,560441
387,2018-07-23,3383.0,3386.800048828125,3087.0,3165.449951171875,2770.533203125,1902639
388,2018-07-24,3173.800048828125,3205.449951171875,3033.75,3108.25,2720.469482421875,1620867
389,2018-07-25,3147.050048828125,3164.800048828125,3061.64990234375,3110.050048828125,2722.044677734375,964916
390,2018-07-26,3082.0,3189.949951171875,3068.050048828125,3136.75,2745.41357421875,1770364
391,2018-07-27,3150.0,3238.39990234375,3132.050048828125,3203.949951171875,2804.229736328125,820125
392,2018-07-30,3223.0,3228.0,3175.0,3209.949951171875,2809.4814453125,317977
393,2018-07-31,3215.0,3302.0,3191.050048828125,3294.449951171875,2883.439208984375,753969
394,2018-08-01,3296.0,3333.35009765625,3257.14990234375,3280.39990234375,2871.14208984375,463790
395,2018-08-02,3296.0,3296.0,3218.25,3263.699951171875,2856.526123046875,352679
396,2018-08-03,3270.0,3282.449951171875,3229.0,3250.550048828125,2845.015869140625,311563
397,2018-08-06,3279.0,3309.0,3251.050048828125,3297.10009765625,2885.758544921875,338084
398,2018-08-07,3304.0,3329.949951171875,3268.050048828125,3297.75,2886.32763671875,248242
399,2018-08-08,3298.0,3322.39990234375,3287.050048828125,3299.050048828125,2887.46533203125,234708
400,2018-08-09,3306.0,3343.64990234375,3262.0,3281.35009765625,2871.9736328125,440547
401,2018-08-10,3299.89990234375,3340.0,3262.35009765625,3319.39990234375,2905.27685546875,356538
402,2018-08-13,3300.0,3347.0,3277.14990234375,3308.199951171875,2895.473876953125,293422
403,2018-08-14,3317.0,3333.0,3253.60009765625,3266.35009765625,2858.844970703125,249075
404,2018-08-16,3262.0,3304.449951171875,3235.10009765625,3282.64990234375,2873.111328125,274268
405,2018-08-17,3315.0,3319.699951171875,3235.550048828125,3242.300048828125,2837.79541015625,284947
406,2018-08-20,3266.60009765625,3324.0,3250.35009765625,3304.0,2891.7978515625,301515
407,2018-08-21,3310.0,3349.89990234375,3297.050048828125,3316.75,2902.957275390625,317643
408,2018-08-23,3331.0,3334.949951171875,3265.0,3284.75,2874.94970703125,182542
409,2018-08-24,3277.39990234375,3287.949951171875,3202.10009765625,3212.300048828125,2811.5380859375,320734
410,2018-08-27,3230.0,3240.0,3210.10009765625,3223.75,2821.5595703125,250565
411,2018-08-28,3228.0,3244.800048828125,3188.699951171875,3232.75,2829.43701171875,363420
412,2018-08-29,3216.0,3274.85009765625,3201.0,3246.10009765625,2841.121337890625,294701
413,2018-08-30,3227.0,3255.0,3210.050048828125,3223.699951171875,2821.51611328125,381370
414,2018-08-31,3208.0,3260.0,3201.050048828125,3253.800048828125,2847.86083984375,401621
415,2018-09-03,3280.0,3295.75,3235.0,3242.449951171875,2837.927001953125,292015
416,2018-09-04,3257.699951171875,3259.0,3180.0,3184.14990234375,2786.89990234375,178340
417,2018-09-05,3179.0,3203.949951171875,3134.449951171875,3145.39990234375,2752.98486328125,355010
418,2018-09-06,3151.35009765625,3180.0,3116.60009765625,3164.85009765625,2770.008056640625,303246
419,2018-09-07,3180.0,3345.0,3161.85009765625,3329.35009765625,2913.985107421875,666688
420,2018-09-10,3333.0,3334.85009765625,3258.199951171875,3278.300048828125,2869.3046875,302172
421,2018-09-11,3294.0,3294.0,3170.0,3184.199951171875,2786.94384765625,479594
422,2018-09-12,3199.0,3202.39990234375,3107.75,3163.75,2769.045166015625,424166
423,2018-09-14,3187.0,3200.60009765625,3151.14990234375,3186.64990234375,2789.088134765625,329042
424,2018-09-17,3180.0,3180.0,3110.25,3127.89990234375,2737.667724609375,260149
425,2018-09-18,3140.0,3153.199951171875,3104.5,3111.449951171875,2723.2705078125,337805
426,2018-09-19,3130.0,3180.0,3102.050048828125,3153.949951171875,2760.4677734375,299509
427,2018-09-21,3169.85009765625,3188.75,3020.0,3175.199951171875,2779.066650390625,579823
428,2018-09-24,3175.300048828125,3183.0,3080.050048828125,3110.199951171875,2722.17626953125,615568
429,2018-09-25,3121.949951171875,3125.0,3082.0,3112.60009765625,2724.27685546875,463611
430,2018-09-26,3140.0,3140.0,3086.699951171875,3100.050048828125,2713.292236328125,357504
431,2018-09-27,3114.0,3130.89990234375,3075.0,3088.10009765625,2702.833251953125,932370
432,2018-09-28,3092.0,3099.89990234375,2877.85009765625,2933.25,2567.302001953125,832489
433,2018-10-01,2910.0,2985.699951171875,2850.0,2973.0,2602.093017578125,663628
434,2018-10-03,2989.0,2995.0,2900.0,2913.5,2550.016357421875,503936
435,2018-10-04,2881.10009765625,2887.0,2713.14990234375,2763.5,2418.729736328125,1172793
436,2018-10-05,2758.0,2779.949951171875,2692.0,2740.75,2398.81787109375,811688
437,2018-10-08,2725.0,2885.0,2710.050048828125,2873.050048828125,2514.612548828125,762339
438,2018-10-09,2896.60009765625,2931.89990234375,2870.14990234375,2891.75,2530.979736328125,699147
439,2018-10-10,2918.0,2993.64990234375,2907.89990234375,2920.10009765625,2555.79296875,1165353
440,2018-10-11,2877.0,2934.89990234375,2846.39990234375,2871.0,2512.818359375,635575
441,2018-10-12,2892.5,2939.800048828125,2875.0,2893.949951171875,2532.9052734375,384692
442,2018-10-15,2902.0,2914.5,2867.0,2881.25,2521.78955078125,209679
443,2018-10-16,2871.0,2911.300048828125,2871.0,2895.199951171875,2533.9990234375,609045
444,2018-10-17,2915.0,2995.0,2766.25,2807.550048828125,2457.284423828125,1625059
445,2018-10-19,2802.89990234375,2803.949951171875,2675.10009765625,2712.75,2374.31103515625,782281
446,2018-10-22,2750.0,2766.0,2691.449951171875,2731.800048828125,2390.984619140625,312603
447,2018-10-23,2717.0,2744.89990234375,2694.0,2724.25,2384.376708984375,463980
448,2018-10-24,2767.10009765625,2767.10009765625,2660.14990234375,2701.64990234375,2364.595947265625,516142
449,2018-10-25,2688.699951171875,2715.0,2648.0,2695.10009765625,2358.863525390625,700158
450,2018-10-26,2704.0,2757.0,2672.0,2705.35009765625,2367.834716796875,657518
451,2018-10-29,2738.0,2769.0,2708.0,2749.85009765625,2406.783203125,453890
452,2018-10-30,2759.0,2809.949951171875,2735.0,2773.89990234375,2427.83251953125,403508
453,2018-10-31,2784.5,2820.0,2712.85009765625,2762.35009765625,2417.723388671875,762180
454,2018-11-01,2778.0,2805.0,2749.0,2792.25,2443.89306640625,172451
455,2018-11-02,2849.949951171875,2939.85009765625,2838.550048828125,2896.60009765625,2535.224609375,548045
456,2018-11-05,2899.0,2900.699951171875,2815.0,2847.800048828125,2492.512939453125,248031
457,2018-11-06,2864.0,2963.949951171875,2827.800048828125,2856.050048828125,2499.733642578125,248605
458,2018-11-07,2897.0,2897.0,2850.0,2888.550048828125,2528.178466796875,37641
459,2018-11-09,2898.0,2965.5,2878.300048828125,2956.699951171875,2587.826416015625,275743
460,2018-11-12,2958.85009765625,2976.5,2820.10009765625,2839.35009765625,2485.116943359375,280472
461,2018-11-13,2828.0,2898.449951171875,2808.0,2879.699951171875,2520.432861328125,269648
462,2018-11-14,2898.89990234375,2927.39990234375,2823.0,2847.550048828125,2492.293701171875,263733
463,2018-11-15,2872.0,2934.89990234375,2856.199951171875,2922.14990234375,2557.5869140625,341266
464,2018-11-16,2930.0,2970.0,2925.25,2961.89990234375,2592.377685546875,383335
465,2018-11-19,2973.300048828125,2998.89990234375,2963.10009765625,2980.64990234375,2608.788818359375,291764
466,2018-11-20,2988.89990234375,2994.949951171875,2941.0,2960.10009765625,2590.802490234375,161818
467,2018-11-21,2952.60009765625,2961.5,2892.199951171875,2912.050048828125,2548.746826171875,288328
468,2018-11-22,2901.0,2954.699951171875,2872.14990234375,2917.75,2553.73583984375,346980
469,2018-11-26,2918.0,3104.699951171875,2912.25,3076.0,2692.242919921875,645146
470,2018-11-27,3068.35009765625,3075.0,2950.0,2958.14990234375,2589.095703125,798702
471,2018-11-28,2973.0,3015.0,2970.0,2999.14990234375,2624.98046875,650210
472,2018-11-29,3025.949951171875,3042.800048828125,2996.64990234375,3016.800048828125,2640.428466796875,502846
473,2018-11-30,3025.0,3061.800048828125,3020.0,3055.199951171875,2674.037353515625,418913
474,2018-12-03,3050.0,3067.35009765625,2999.050048828125,3039.89990234375,2660.646484375,627118
475,2018-12-04,3040.0,3091.25,3035.0,3069.14990234375,2686.247314453125,427274
476,2018-12-05,3059.89990234375,3081.949951171875,3028.39990234375,3052.5,2671.67431640625,211238
477,2018-12-06,3028.199951171875,3053.699951171875,3005.050048828125,3026.75,2649.13720703125,713055
478,2018-12-07,3060.0,3077.0,3025.10009765625,3066.800048828125,2684.1904296875,365305
479,2018-12-10,3025.0,3060.0,3005.0,3046.5,2666.423095703125,682813
480,2018-12-11,3010.0,3062.5,2982.0,3038.800048828125,2659.683837890625,443657
481,2018-12-12,3055.0,3274.25,3040.60009765625,3258.64990234375,2852.10546875,2188953
482,2018-12-13,3230.0,3340.0,3210.050048828125,3318.25,2904.269775390625,1278210
483,2018-12-14,3302.0,3350.800048828125,3266.64990234375,3314.64990234375,2901.119384765625,920809
484,2018-12-17,3316.0,3320.0,3265.300048828125,3286.10009765625,2876.130859375,707590
485,2018-12-18,3275.050048828125,3324.64990234375,3240.0,3298.050048828125,2886.590087890625,910514
486,2018-12-19,3305.0,3330.10009765625,3280.0,3305.199951171875,2892.848388671875,947007
487,2018-12-20,3295.949951171875,3380.0,3268.449951171875,3361.35009765625,2941.9931640625,388448
488,2018-12-21,3361.35009765625,3369.0,3311.5,3324.14990234375,2909.433837890625,525895
489,2018-12-24,3300.0,3301.0,3150.0,3168.39990234375,2773.114990234375,655657
490,2018-12-26,3160.0,3212.0,3136.050048828125,3175.199951171875,2779.066650390625,506895
491,2018-12-27,3208.699951171875,3210.0,3114.64990234375,3128.800048828125,2738.45556640625,357087
492,2018-12-28,3138.050048828125,3160.0,3110.75,3122.60009765625,2733.029052734375,260717
493,2018-12-31,3143.0,3159.050048828125,3087.0,3104.25,2716.96875,279055
494,2019-01-01,3089.0,3135.0,3073.300048828125,3127.60009765625,2737.4052734375,344239
495,2019-01-02,3115.0,3117.300048828125,3023.800048828125,3046.550048828125,2666.467041015625,597712
496,2019-01-03,3032.0,3078.0,3006.300048828125,3014.64990234375,2638.546630859375,368413
497,2019-01-04,3030.0,3045.0,2972.050048828125,2987.85009765625,2615.090087890625,405667
498,2019-01-07,3020.0,3023.0,2952.0,2957.949951171875,2588.920166015625,361881
499,2019-01-08,2974.0,2994.5,2930.25,2970.300048828125,2599.729248046875,354130
500,2019-01-09,2985.10009765625,2985.10009765625,2907.0,2937.449951171875,2570.97802734375,388001
501,2019-01-10,2932.0,2949.949951171875,2912.550048828125,2919.5,2555.267333984375,452293
502,2019-01-11,2923.0,2940.949951171875,2885.0,2899.25,2537.5439453125,258996
503,2019-01-14,2901.0,2910.300048828125,2856.050048828125,2867.0,2509.3173828125,267722
504,2019-01-15,2879.699951171875,2918.35009765625,2867.35009765625,2910.949951171875,2547.784423828125,371767
505,2019-01-16,2909.0,2914.949951171875,2870.300048828125,2879.85009765625,2520.564208984375,261721
506,2019-01-17,2878.5,2936.89990234375,2864.0,2903.60009765625,2541.35107421875,515341
507,2019-01-18,2916.39990234375,2929.949951171875,2863.0,2898.75,2537.1064453125,389524
508,2019-01-21,2901.0,2909.85009765625,2780.0,2794.25,2445.6435546875,628463
509,2019-01-22,2795.0,2835.0,2742.5,2824.89990234375,2472.46923828125,842837
510,2019-01-23,2832.0,2851.449951171875,2785.10009765625,2795.949951171875,2447.131103515625,326454
511,2019-01-24,2795.0,2828.0,2780.050048828125,2790.199951171875,2442.0986328125,240737
512,2019-01-25,2755.0,2788.75,2652.699951171875,2670.14990234375,2337.026123046875,775065
513,2019-01-28,2680.0,2685.0,2586.75,2598.60009765625,2274.402587890625,576248
514,2019-01-29,2601.050048828125,2656.85009765625,2574.300048828125,2633.300048828125,2304.7734375,666747
515,2019-01-30,2627.0,2650.0,2591.60009765625,2611.0,2285.255126953125,696557
516,2019-01-31,2612.10009765625,2634.699951171875,2561.0,2613.949951171875,2287.837646484375,1901346
517,2019-02-01,2629.449951171875,2839.35009765625,2625.0,2807.25,2457.021484375,3296513
518,2019-02-04,2800.0,2844.949951171875,2718.199951171875,2780.14990234375,2433.302490234375,991486
519,2019-02-05,2804.0,2873.35009765625,2800.0,2854.550048828125,2498.420654296875,767865
520,2019-02-06,2870.0,2892.0,2850.0,2880.050048828125,2520.739013671875,445829
521,2019-02-07,2885.0,2949.14990234375,2885.0,2939.050048828125,2572.378173828125,546196
522,2019-02-08,2915.0,2960.0,2912.64990234375,2938.85009765625,2572.203125,544587
523,2019-02-11,2915.0,2915.949951171875,2804.550048828125,2889.050048828125,2576.841552734375,478111
524,2019-02-12,2896.85009765625,2896.85009765625,2785.0,2799.550048828125,2497.013427734375,627923
525,2019-02-14,2755.199951171875,2891.64990234375,2725.10009765625,2776.199951171875,2476.186767578125,661406
526,2019-02-15,2785.39990234375,2785.39990234375,2678.0,2696.449951171875,2405.054931640625,700634
527,2019-02-18,2690.0,2704.89990234375,2660.449951171875,2683.550048828125,2393.549560546875,433854
528,2019-02-19,2687.0,2713.199951171875,2628.89990234375,2636.85009765625,2351.895751953125,684524
529,2019-02-20,2646.050048828125,2661.75,2606.60009765625,2623.75,2340.211181640625,605830
530,2019-02-21,2632.0,2657.0,2581.5,2641.25,2355.820556640625,736959
531,2019-02-22,2652.89990234375,2697.89990234375,2620.0,2679.85009765625,2390.2490234375,720407
532,2019-02-25,2690.0,2723.60009765625,2690.0,2712.5,2419.37060546875,443819
533,2019-02-26,2706.550048828125,2713.0,2614.0,2689.050048828125,2398.454833984375,751767
534,2019-02-27,2695.0,2743.0,2661.0,2678.550048828125,2389.089599609375,581837
535,2019-02-28,2700.10009765625,2707.60009765625,2620.0,2628.10009765625,2344.091552734375,870312
536,2019-03-01,2649.89990234375,2690.60009765625,2640.050048828125,2675.60009765625,2386.4580078125,918224
537,2019-03-05,2669.949951171875,2822.0,2652.050048828125,2795.64990234375,2493.53466796875,1107587
538,2019-03-06,2795.0,2815.0,2742.0,2765.85009765625,2466.954833984375,631138
539,2019-03-07,2770.0,2779.0,2721.0,2730.10009765625,2435.06884765625,394045
540,2019-03-08,2731.0,2758.449951171875,2699.949951171875,2740.35009765625,2444.210693359375,674840
541,2019-03-11,2745.0,2828.39990234375,2745.0,2814.75,2510.571044921875,857601
542,2019-03-12,2840.0,2849.39990234375,2790.10009765625,2808.449951171875,2504.951416015625,840207
543,2019-03-13,2814.0,2828.0,2790.60009765625,2803.64990234375,2500.670166015625,380361
544,2019-03-14,2813.0,2818.0,2744.10009765625,2751.699951171875,2454.33447265625,497697
545,2019-03-15,2771.0,2771.0,2717.10009765625,2735.85009765625,2440.197021484375,916870
546,2019-03-18,2745.0,2763.14990234375,2662.0,2669.5,2381.017578125,830642
547,2019-03-19,2659.0,2659.0,2601.0,2614.050048828125,2331.5595703125,978189
548,2019-03-20,2614.050048828125,2645.0,2593.050048828125,2609.14990234375,2327.188720703125,877100
549,2019-03-22,2624.449951171875,2637.949951171875,2594.050048828125,2603.300048828125,2321.971435546875,566228
550,2019-03-25,2594.0,2608.800048828125,2537.050048828125,2575.699951171875,2297.353759765625,854446
551,2019-03-26,2586.0,2604.699951171875,2546.800048828125,2574.449951171875,2296.2392578125,555742
552,2019-03-27,2593.800048828125,2594.0,2535.0,2543.199951171875,2268.365966796875,760530
553,2019-03-28,2550.0,2558.0,2515.0,2525.75,2252.802001953125,1147361
554,2019-04-01,2573.0,2593.39990234375,2545.0,2558.5,2282.012939453125,832495
555,2019-04-02,2550.39990234375,2599.0,2545.0,2569.949951171875,2292.225341796875,1063757
556,2019-04-03,2586.949951171875,2594.0,2567.0,2580.449951171875,2301.590576171875,1427316
557,2019-04-04,2599.949951171875,2648.699951171875,2595.0,2637.199951171875,2352.20751953125,2007440
558,2019-04-05,2652.0,2664.0,2605.10009765625,2618.39990234375,2335.439453125,722753
559,2019-04-08,2628.0,2643.949951171875,2581.0,2586.85009765625,2307.299072265625,723035
560,2019-04-09,2590.0,2631.949951171875,2568.800048828125,2623.64990234375,2340.122314453125,769508
561,2019-04-10,2619.0,2619.0,2586.800048828125,2594.39990234375,2314.03369140625,672025
562,2019-04-11,2600.0,2612.0,2589.64990234375,2601.10009765625,2320.009033203125,608414
563,2019-04-12,2597.0,2644.800048828125,2591.14990234375,2639.89990234375,2354.615966796875,925046
564,2019-04-15,2653.0,2710.89990234375,2646.050048828125,2700.699951171875,2408.845703125,958245
565,2019-04-16,2723.75,2749.89990234375,2715.0,2739.64990234375,2443.586669921875,741047
566,2019-04-18,2742.89990234375,2759.89990234375,2732.550048828125,2741.550048828125,2445.28125,563893
567,2019-04-22,2741.550048828125,2749.949951171875,2685.0,2689.5,2398.8564453125,453998
568,2019-04-23,2689.0,2727.35009765625,2615.0,2638.050048828125,2352.966064453125,395502
569,2019-04-24,2650.0,2661.60009765625,2582.14990234375,2611.89990234375,2329.641845703125,940782
570,2019-04-25,2618.0,2638.0,2597.64990234375,2612.25,2329.954345703125,690718
571,2019-04-26,2610.0,2616.75,2573.699951171875,2604.0,2322.595703125,727578
572,2019-04-30,2573.0,2574.0,2477.0,2511.85009765625,2240.404296875,1634120
